<?xpacket begin="?" id="114e47fb-a3ca-41cb-c13a-0c296941c6"?>
<x:xmpmeta xmlns:x="adobe:ns:meta/">
<rdf:RDF 
  xmlns:orkg="http://orkg.org/core#"
  xmlns:orkg_property="http://orkg.org/property/"
  xmlns:rdf="http://www.w3.org/1999/02/22-rdf-syntax-ns#"
  xmlns:rdfs="http://www.w3.org/2000/01/rdf-schema#">
  <rdf:Description rdf:about="https://www.orkg.org/orkg/paper/114e47fb-a3ca-41cb-c13a-0c296941c6">
    <rdf:type rdf:resource="http://orkg.org/core#Paper"/>
    <orkg:hasTitle>Divide and Conquer the EmpiRE: A Community-Maintainable Knowledge Graph of Empirical Research in Requirements Engineering</orkg:hasTitle>
    <orkg:hasAuthor>Oliver Karras</orkg:hasAuthor>
    <orkg:hasAuthor>Felix Wernlein</orkg:hasAuthor>
    <orkg:hasAuthor>Jil Klünder</orkg:hasAuthor>
    <orkg:hasAuthor>Sören Auer</orkg:hasAuthor>
    <orkg_property:P30><rdf:Description rdf:about="https://orkg.org/resource/R140"><rdfs:label>Software Engineering</rdfs:label></rdf:Description></orkg_property:P30>
    <orkg:hasResearchContribution>
      <orkg:ResearchContribution rdf:about="https://www.orkg.org/orkg/paper/114e47fb-a3ca-41cb-c13a-0c296941c6/contribution_ORKG_default">
          <orkg_property:P15051>use of the Open Research Knowledge Graph (ORKG) as such an infrastructure to build and publish an initial Knowledge Graph of Empirical research in RE (KG-EmpiRE) whose data is openly available</orkg_property:P15051>
          <orkg_property:P1005>literature review using the ORKG</orkg_property:P1005>
          <orkg_property:P1006>From 570 papers of the IEEE International Requirements Engineering Conference (2000 -- 2022), we extract and analyze data on the reported empirical research</orkg_property:P1006>
          <orkg_property:P1006>answer 16 out of 77 competency questions</orkg_property:P1006>
          <orkg_property:P15419>The ORKG is a ready-to-use and advanced infrastructure to organize data from literature reviews as knowledge graphs</orkg_property:P15419>
          <orkg_property:P32>unavailability of the extracted and analyzed data from literature reviews</orkg_property:P32>
          <orkg_property:P1005>evaluation against competency questions</orkg_property:P1005>
          <orkg_property:P49000>https://github.com/okarras/EmpiRE-Analysis</orkg_property:P49000>
          <orkg_property:P2005>https://orkg.org/api/rdf/dump</orkg_property:P2005>
      </orkg:ResearchContribution>
    </orkg:hasResearchContribution>
  </rdf:Description>
</rdf:RDF>
</x:xmpmeta>
<?xpacket end="r"?>